0,128,1
0,1,1
0,145,1
0,195,1
0,4,1
0,116,1
0,38,1
0,166,1
0,59,1
0,191,1
1,114,1
1,67,1
1,165,1
1,150,1
1,168,1
1,9,1
1,125,1
1,189,1
1,95,1
1,63,1
2,66,1
2,117,1
2,70,1
2,105,1
2,185,1
2,41,1
2,91,1
2,107,1
2,30,1
2,62,1
3,115,1
3,196,1
3,165,1
3,101,1
3,23,1
3,135,1
3,72,1
3,11,1
3,91,1
3,77,1
4,2,1
4,69,1
4,199,1
4,184,1
4,9,1
4,73,1
4,125,1
4,78,1
4,30,1
4,95,1
5,193,1
5,35,1
5,196,1
5,68,1
5,197,1
5,85,1
5,86,1
5,190,1
5,63,1
5,127,1
6,16,1
6,97,1
6,130,1
6,18,1
6,132,1
6,166,1
6,153,1
6,26,1
6,77,1
6,191,1
7,80,1
7,96,1
7,2,1
7,83,1
7,196,1
7,53,1
7,10,1
7,44,1
7,126,1
7,158,1
8,128,1
8,144,1
8,100,1
8,196,1
8,132,1
8,88,1
8,169,1
8,90,1
8,188,1
8,31,1
9,96,1
9,135,1
9,41,1
9,89,1
9,154,1
9,58,1
9,44,1
9,108,1
9,174,1
9,63,1
10,128,1
10,179,1
10,163,1
10,84,1
10,21,1
10,39,1
10,72,1
10,9,1
10,138,1
10,187,1
11,81,1
11,4,1
11,148,1
11,21,1
11,88,1
11,10,1
11,186,1
11,156,1
11,93,1
11,175,1
12,0,1
12,96,1
12,48,1
12,179,1
12,149,1
12,134,1
12,199,1
12,185,1
12,124,1
12,109,1
13,181,1
13,134,1
13,55,1
13,137,1
13,9,1
13,74,1
13,77,1
13,110,1
13,159,1
13,175,1
14,163,1
14,84,1
14,117,1
14,71,1
14,183,1
14,40,1
14,120,1
14,90,1
14,157,1
14,46,1
15,33,1
15,34,1
15,18,1
15,133,1
15,150,1
15,41,1
15,91,1
15,139,1
15,108,1
15,125,1
16,32,1
16,116,1
16,20,1
16,23,1
16,185,1
16,9,1
16,26,1
16,29,1
16,31,1
16,79,1
17,35,1
17,4,1
17,54,1
17,6,1
17,26,1
17,90,1
17,173,1
17,45,1
17,77,1
17,94,1
18,129,1
18,147,1
18,5,1
18,7,1
18,8,1
18,152,1
18,170,1
18,188,1
18,189,1
18,47,1
19,147,1
19,148,1
19,101,1
19,133,1
19,55,1
19,169,1
19,91,1
19,92,1
19,111,1
19,31,1
20,177,1
20,100,1
20,38,1
20,151,1
20,152,1
20,121,1
20,106,1
20,154,1
20,10,1
20,142,1
21,96,1
21,193,1
21,36,1
21,39,1
21,169,1
21,154,1
21,123,1
21,62,1
21,14,1
21,63,1
22,51,1
22,115,1
22,52,1
22,60,1
22,76,1
22,188,1
22,156,1
22,28,1
22,93,1
22,142,1
23,128,1
23,18,1
23,130,1
23,4,1
23,58,1
23,107,1
23,124,1
23,92,1
23,172,1
23,61,1
24,192,1
24,117,1
24,88,1
24,122,1
24,27,1
24,107,1
24,188,1
24,12,1
24,173,1
24,111,1
25,65,1
25,164,1
25,198,1
25,6,1
25,167,1
25,186,1
25,173,1
25,109,1
25,175,1
25,143,1
26,176,1
26,198,1
26,151,1
26,183,1
26,104,1
26,153,1
26,105,1
26,106,1
26,187,1
26,95,1
27,160,1
27,192,1
27,113,1
27,33,1
27,5,1
27,39,1
27,183,1
27,23,1
27,8,1
27,123,1
28,16,1
28,163,1
28,180,1
28,102,1
28,198,1
28,90,1
28,61,1
28,157,1
28,127,1
28,143,1
29,48,1
29,70,1
29,103,1
29,183,1
29,88,1
29,41,1
29,57,1
29,141,1
29,31,1
29,111,1
30,128,1
30,129,1
30,177,1
30,81,1
30,20,1
30,102,1
30,152,1
30,127,1
30,15,1
30,191,1
31,178,1
31,149,1
31,150,1
31,55,1
31,7,1
31,136,1
31,104,1
31,121,1
31,90,1
31,93,1
32,80,1
32,65,1
32,162,1
32,116,1
32,70,1
32,55,1
32,39,1
32,8,1
32,188,1
32,15,1
33,144,1
33,145,1
33,161,1
33,179,1
33,67,1
33,197,1
33,72,1
33,170,1
33,92,1
33,63,1
34,192,1
34,161,1
34,65,1
34,115,1
34,197,1
34,41,1
34,187,1
34,107,1
34,158,1
34,111,1
35,80,1
35,81,1
35,167,1
35,199,1
35,71,1
35,153,1
35,138,1
35,123,1
35,61,1
35,190,1
36,0,1
36,16,1
36,193,1
36,98,1
36,147,1
36,35,1
36,6,1
36,183,1
36,89,1
36,124,1
37,81,1
37,66,1
37,18,1
37,115,1
37,163,1
37,148,1
37,55,1
37,103,1
37,41,1
37,47,1
38,160,1
38,49,1
38,163,1
38,52,1
38,119,1
38,57,1
38,9,1
38,172,1
38,188,1
38,30,1
39,192,1
39,1,1
39,163,1
39,84,1
39,101,1
39,119,1
39,40,1
39,171,1
39,43,1
39,110,1
40,0,1
40,160,1
40,193,1
40,199,1
40,39,1
40,88,1
40,169,1
40,107,1
40,45,1
40,159,1
41,194,1
41,4,1
41,52,1
41,133,1
41,71,1
41,184,1
41,123,1
41,28,1
41,45,1
41,189,1
42,0,1
42,68,1
42,117,1
42,54,1
42,138,1
42,186,1
42,154,1
42,11,1
42,45,1
42,79,1
43,66,1
43,51,1
43,164,1
43,4,1
43,133,1
43,135,1
43,184,1
43,106,1
43,189,1
43,62,1
44,64,1
44,97,1
44,178,1
44,22,1
44,8,1
44,9,1
44,107,1
44,110,1
44,143,1
44,63,1
45,96,1
45,130,1
45,194,1
45,4,1
45,132,1
45,85,1
45,167,1
45,122,1
45,190,1
45,191,1
46,16,1
46,96,1
46,67,1
46,132,1
46,70,1
46,40,1
46,105,1
46,74,1
46,59,1
46,190,1
47,192,1
47,80,1
47,19,1
47,69,1
47,70,1
47,102,1
47,140,1
47,188,1
47,93,1
47,94,1
48,144,1
48,193,1
48,33,1
48,146,1
48,35,1
48,71,1
48,9,1
48,108,1
48,76,1
48,190,1
49,161,1
49,1,1
49,115,1
49,195,1
49,4,1
49,53,1
49,41,1
49,45,1
49,46,1
49,62,1
50,80,1
50,195,1
50,150,1
50,39,1
50,167,1
50,8,1
50,43,1
50,189,1
50,30,1
50,95,1
51,192,1
51,146,1
51,103,1
51,58,1
51,74,1
51,77,1
51,125,1
51,29,1
51,94,1
51,31,1
52,177,1
52,133,1
52,154,1
52,26,1
52,10,1
52,122,1
52,171,1
52,60,1
52,93,1
52,111,1
53,1,1
53,161,1
53,129,1
53,17,1
53,51,1
53,195,1
53,117,1
53,198,1
53,150,1
53,54,1
54,131,1
54,196,1
54,53,1
54,181,1
54,136,1
54,73,1
54,74,1
54,157,1
54,78,1
54,111,1
55,2,1
55,99,1
55,68,1
55,21,1
55,134,1
55,135,1
55,43,1
55,15,1
55,79,1
55,127,1
56,17,1
56,49,1
56,163,1
56,100,1
56,101,1
56,120,1
56,57,1
56,121,1
56,42,1
56,111,1
57,1,1
57,194,1
57,147,1
57,83,1
57,101,1
57,69,1
57,182,1
57,104,1
57,59,1
57,109,1
58,177,1
58,20,1
58,118,1
58,104,1
58,41,1
58,188,1
58,93,1
58,190,1
58,126,1
58,63,1
59,112,1
59,99,1
59,7,1
59,88,1
59,152,1
59,57,1
59,93,1
59,29,1
59,189,1
59,46,1
60,176,1
60,113,1
60,65,1
60,134,1
60,118,1
60,152,1
60,168,1
60,107,1
60,59,1
60,141,1
61,162,1
61,66,1
61,83,1
61,148,1
61,57,1
61,137,1
61,9,1
61,75,1
61,188,1
61,95,1
62,97,1
62,163,1
62,20,1
62,100,1
62,38,1
62,184,1
62,9,1
62,25,1
62,170,1
62,45,1
63,160,1
63,134,1
63,54,1
63,166,1
63,150,1
63,123,1
63,12,1
63,142,1
63,110,1
63,31,1
64,163,1
64,147,1
64,85,1
64,198,1
64,54,1
64,120,1
64,89,1
64,58,1
64,75,1
64,139,1
65,83,1
65,150,1
65,24,1
65,152,1
65,168,1
65,105,1
65,89,1
65,186,1
65,75,1
65,109,1
66,146,1
66,3,1
66,132,1
66,196,1
66,71,1
66,138,1
66,123,1
66,139,1
66,126,1
66,62,1
67,192,1
67,112,1
67,81,1
67,193,1
67,2,1
67,119,1
67,88,1
67,92,1
67,126,1
67,111,1
68,112,1
68,113,1
68,82,1
68,198,1
68,72,1
68,170,1
68,28,1
68,12,1
68,61,1
68,30,1
69,80,1
69,96,1
69,18,1
69,195,1
69,24,1
69,120,1
69,105,1
69,138,1
69,186,1
69,44,1
70,193,1
70,34,1
70,2,1
70,82,1
70,117,1
70,9,1
70,153,1
70,26,1
70,91,1
70,31,1
71,177,1
71,17,1
71,114,1
71,178,1
71,100,1
71,135,1
71,105,1
71,122,1
71,172,1
71,93,1
72,81,1
72,97,1
72,18,1
72,162,1
72,36,1
72,8,1
72,56,1
72,59,1
72,157,1
72,13,1
73,80,1
73,114,1
73,69,1
73,104,1
73,169,1
73,186,1
73,28,1
73,189,1
73,143,1
73,63,1
74,64,1
74,144,1
74,65,1
74,177,1
74,113,1
74,197,1
74,5,1
74,69,1
74,167,1
74,124,1
75,16,1
75,113,1
75,2,1
75,131,1
75,132,1
75,57,1
75,11,1
75,27,1
75,124,1
75,190,1
76,17,1
76,49,1
76,66,1
76,181,1
76,8,1
76,24,1
76,184,1
76,170,1
76,10,1
76,110,1
77,129,1
77,66,1
77,35,1
77,85,1
77,102,1
77,88,1
77,40,1
77,44,1
77,126,1
77,15,1
78,177,1
78,17,1
78,196,1
78,149,1
78,117,1
78,183,1
78,72,1
78,25,1
78,170,1
78,109,1
79,17,1
79,195,1
79,86,1
79,166,1
79,198,1
79,41,1
79,137,1
79,171,1
79,173,1
79,62,1
80,82,1
80,115,1
80,5,1
80,166,1
80,23,1
80,7,1
80,184,1
80,92,1
80,94,1
80,127,1
81,112,1
81,193,1
81,24,1
81,170,1
81,138,1
81,76,1
81,28,1
81,141,1
81,157,1
81,142,1
82,84,1
82,116,1
82,135,1
82,183,1
82,72,1
82,105,1
82,171,1
82,59,1
82,173,1
82,142,1
83,80,1
83,97,1
83,51,1
83,19,1
83,4,1
83,101,1
83,85,1
83,54,1
83,56,1
83,75,1
84,177,1
84,113,1
84,101,1
84,184,1
84,41,1
84,60,1
84,189,1
84,125,1
84,111,1
84,175,1
85,128,1
85,16,1
85,131,1
85,196,1
85,135,1
85,90,1
85,44,1
85,126,1
85,159,1
85,47,1
86,64,1
86,128,1
86,49,1
86,34,1
86,132,1
86,119,1
86,24,1
86,106,1
86,107,1
86,174,1
87,145,1
87,162,1
87,166,1
87,89,1
87,170,1
87,122,1
87,123,1
87,27,1
87,92,1
87,45,1
88,48,1
88,97,1
88,65,1
88,163,1
88,69,1
88,54,1
88,58,1
88,122,1
88,186,1
88,76,1
89,176,1
89,178,1
89,99,1
89,5,1
89,24,1
89,105,1
89,155,1
89,141,1
89,174,1
89,95,1
90,160,1
90,161,1
90,34,1
90,98,1
90,86,1
90,182,1
90,184,1
90,41,1
90,45,1
90,127,1
91,177,1
91,3,1
91,149,1
91,183,1
91,55,1
91,119,1
91,58,1
91,92,1
91,29,1
91,31,1
92,33,1
92,130,1
92,196,1
92,181,1
92,117,1
92,70,1
92,167,1
92,185,1
92,28,1
92,191,1
93,145,1
93,180,1
93,100,1
93,149,1
93,122,1
93,91,1
93,43,1
93,77,1
93,110,1
93,111,1
94,113,1
94,146,1
94,35,1
94,163,1
94,36,1
94,132,1
94,165,1
94,22,1
94,150,1
94,152,1
95,130,1
95,68,1
95,4,1
95,53,1
95,71,1
95,72,1
95,122,1
95,26,1
95,28,1
95,44,1
96,64,1
96,34,1
96,147,1
96,84,1
96,117,1
96,182,1
96,198,1
96,88,1
96,138,1
96,188,1
97,145,1
97,99,1
97,199,1
97,23,1
97,8,1
97,170,1
97,26,1
97,59,1
97,76,1
97,29,1
98,177,1
98,34,1
98,178,1
98,51,1
98,166,1
98,167,1
98,8,1
98,105,1
98,172,1
98,175,1
99,32,1
99,178,1
99,36,1
99,5,1
99,181,1
99,86,1
99,198,1
99,41,1
99,105,1
99,191,1
100,113,1
100,99,1
100,133,1
100,37,1
100,22,1
100,105,1
100,121,1
100,175,1
100,191,1
100,95,1
101,82,1
101,194,1
101,19,1
101,70,1
101,107,1
101,189,1
101,45,1
101,94,1
101,110,1
101,127,1
102,176,1
102,51,1
102,116,1
102,150,1
102,73,1
102,170,1
102,107,1
102,13,1
102,78,1
102,110,1
103,161,1
103,51,1
103,36,1
103,23,1
103,184,1
103,89,1
103,137,1
103,91,1
103,14,1
103,95,1
104,115,1
104,67,1
104,68,1
104,37,1
104,151,1
104,55,1
104,170,1
104,91,1
104,173,1
104,93,1
105,48,1
105,192,1
105,178,1
105,116,1
105,53,1
105,21,1
105,151,1
105,169,1
105,30,1
105,175,1
106,113,1
106,134,1
106,166,1
106,70,1
106,87,1
106,76,1
106,124,1
106,140,1
106,61,1
106,29,1
107,163,1
107,21,1
107,150,1
107,54,1
107,169,1
107,122,1
107,170,1
107,123,1
107,127,1
107,15,1
108,144,1
108,197,1
108,53,1
108,149,1
108,73,1
108,57,1
108,122,1
108,91,1
108,45,1
108,29,1
109,114,1
109,85,1
109,86,1
109,151,1
109,39,1
109,121,1
109,187,1
109,12,1
109,45,1
109,125,1
110,96,1
110,82,1
110,67,1
110,51,1
110,196,1
110,22,1
110,120,1
110,28,1
110,141,1
110,14,1
111,32,1
111,34,1
111,196,1
111,132,1
111,167,1
111,92,1
111,140,1
111,158,1
111,46,1
111,15,1
112,0,1
112,32,1
112,64,1
112,35,1
112,163,1
112,165,1
112,71,1
112,120,1
112,139,1
112,189,1
113,147,1
113,163,1
113,52,1
113,118,1
113,7,1
113,103,1
113,105,1
113,42,1
113,110,1
113,30,1
114,178,1
114,115,1
114,105,1
114,90,1
114,10,1
114,138,1
114,26,1
114,43,1
114,59,1
114,111,1
115,1,1
115,98,1
115,179,1
115,52,1
115,6,1
115,56,1
115,73,1
115,155,1
115,59,1
115,15,1
116,160,1
116,113,1
116,129,1
116,130,1
116,20,1
116,5,1
116,69,1
116,198,1
116,22,1
116,155,1
117,144,1
117,32,1
117,176,1
117,18,1
117,162,1
117,148,1
117,37,1
117,38,1
117,104,1
117,158,1
118,112,1
118,50,1
118,18,1
118,34,1
118,99,1
118,134,1
118,120,1
118,104,1
118,105,1
118,107,1
119,32,1
119,2,1
119,146,1
119,67,1
119,4,1
119,181,1
119,168,1
119,47,1
119,63,1
119,191,1
120,171,1
120,125,1
120,176,1
120,274,1
120,293,1
121,283,1
121,173,1
121,129,1
121,131,1
121,278,1
122,152,1
122,156,1
122,144,1
122,177,1
122,167,1
123,121,1
123,124,1
123,172,1
123,149,1
123,151,1
124,120,1
124,296,1
124,297,1
124,294,1
124,278,1
125,137,1
125,121,1
125,176,1
125,133,1
125,293,1
126,124,1
126,172,1
126,159,1
126,273,1
126,145,1
127,170,1
127,155,1
127,288,1
127,163,1
127,167,1
128,282,1
128,170,1
128,260,1
128,278,1
128,263,1
129,168,1
129,264,1
129,125,1
129,272,1
129,165,1
130,297,1
130,281,1
130,285,1
130,142,1
130,164,1
131,121,1
131,155,1
131,286,1
131,159,1
131,277,1
132,281,1
132,170,1
132,287,1
132,260,1
132,262,1
133,296,1
133,155,1
133,171,1
133,158,1
133,260,1
134,267,1
134,141,1
134,178,1
134,261,1
134,150,1
135,136,1
135,283,1
135,156,1
135,142,1
135,161,1
136,283,1
136,157,1
136,142,1
136,163,1
136,133,1
137,138,1
137,288,1
137,163,1
137,132,1
137,279,1
138,280,1
138,146,1
138,162,1
138,148,1
138,167,1
139,264,1
139,283,1
139,287,1
139,147,1
139,151,1
140,137,1
140,282,1
140,299,1
140,147,1
140,132,1
141,153,1
141,266,1
141,138,1
141,283,1
141,162,1
142,264,1
142,265,1
142,125,1
142,164,1
142,279,1
143,155,1
143,289,1
143,132,1
143,164,1
143,293,1
144,297,1
144,156,1
144,127,1
144,289,1
144,292,1
145,174,1
145,274,1
145,132,1
145,277,1
145,150,1
146,120,1
146,124,1
146,174,1
146,291,1
146,135,1
147,296,1
147,170,1
147,273,1
147,163,1
147,134,1
148,136,1
148,297,1
148,143,1
148,164,1
148,132,1
149,296,1
149,122,1
149,155,1
149,126,1
149,132,1
150,120,1
150,121,1
150,156,1
150,285,1
150,292,1
151,136,1
151,137,1
151,156,1
151,172,1
151,293,1
152,136,1
152,281,1
152,124,1
152,128,1
152,161,1
153,284,1
153,176,1
153,129,1
153,163,1
153,164,1
154,298,1
154,282,1
154,124,1
154,129,1
154,261,1
155,268,1
155,286,1
155,159,1
155,274,1
155,166,1
156,138,1
156,266,1
156,270,1
156,165,1
156,277,1
157,268,1
157,284,1
157,287,1
157,177,1
157,166,1
158,123,1
158,285,1
158,163,1
158,275,1
158,147,1
159,280,1
159,139,1
159,175,1
159,290,1
159,166,1
160,168,1
160,285,1
160,126,1
160,166,1
160,295,1
161,281,1
161,171,1
161,124,1
161,270,1
161,151,1
162,125,1
162,128,1
162,275,1
162,163,1
162,276,1
163,297,1
163,265,1
163,125,1
163,145,1
163,261,1
164,171,1
164,176,1
164,161,1
164,162,1
164,179,1
165,285,1
165,270,1
165,159,1
165,177,1
165,150,1
166,120,1
166,288,1
166,290,1
166,277,1
166,279,1
167,152,1
167,287,1
167,276,1
167,293,1
167,150,1
168,121,1
168,123,1
168,141,1
168,143,1
168,162,1
169,122,1
169,140,1
169,292,1
169,262,1
169,166,1
170,283,1
170,285,1
170,158,1
170,142,1
170,129,1
171,283,1
171,146,1
171,291,1
171,131,1
171,149,1
172,284,1
172,286,1
172,288,1
172,177,1
172,165,1
173,297,1
173,138,1
173,122,1
173,267,1
173,150,1
174,280,1
174,139,1
174,146,1
174,163,1
174,164,1
175,141,1
175,176,1
175,129,1
175,178,1
175,134,1
176,154,1
176,128,1
176,275,1
176,131,1
176,263,1
177,131,1
177,163,1
177,260,1
177,295,1
177,135,1
178,121,1
178,156,1
178,272,1
178,146,1
178,295,1
179,120,1
179,154,1
179,144,1
179,177,1
179,165,1
180,1,1
180,51,1
180,35,1
180,52,1
180,225,1
180,101,1
180,85,1
180,86,1
180,54,1
180,199,1
181,97,1
181,205,1
181,254,1
181,207,1
181,67,1
181,243,1
181,245,1
181,184,1
181,61,1
181,62,1
182,252,1
182,220,1
182,22,1
182,118,1
182,86,1
182,71,1
182,8,1
182,40,1
182,232,1
182,233,1
183,207,1
183,85,1
183,193,1
183,244,1
183,41,1
183,9,1
183,214,1
183,27,1
183,11,1
183,44,1
184,51,1
184,208,1
184,224,1
184,22,1
184,195,1
184,39,1
184,104,1
184,231,1
184,216,1
184,251,1
185,188,1
185,1,1
185,98,1
185,3,1
185,227,1
185,7,1
185,228,1
185,183,1
185,62,1
185,250,1
186,97,1
186,115,1
186,99,1
186,226,1
186,258,1
186,40,1
186,247,1
186,44,1
186,93,1
186,30,1
187,206,1
187,238,1
187,98,1
187,68,1
187,256,1
187,84,1
187,225,1
187,246,1
187,183,1
187,235,1
188,237,1
188,257,1
188,22,1
188,86,1
188,58,1
188,246,1
188,75,1
188,183,1
188,44,1
188,201,1
189,16,1
189,102,1
189,71,1
189,40,1
189,232,1
189,28,1
189,12,1
189,249,1
189,187,1
189,251,1
190,84,1
190,38,1
190,244,1
190,10,1
190,26,1
190,182,1
190,75,1
190,44,1
190,250,1
190,110,1
191,0,1
191,222,1
191,66,1
191,52,1
191,225,1
191,85,1
191,6,1
191,227,1
191,57,1
191,95,1
192,65,1
192,254,1
192,19,1
192,115,1
192,20,1
192,54,1
192,214,1
192,106,1
192,27,1
192,79,1
193,1,1
193,226,1
193,242,1
193,71,1
193,24,1
193,246,1
193,62,1
193,234,1
193,203,1
193,219,1
194,48,1
194,98,1
194,100,1
194,242,1
194,119,1
194,55,1
194,23,1
194,104,1
194,246,1
194,91,1
195,254,1
195,4,1
195,224,1
195,258,1
195,23,1
195,57,1
195,75,1
195,43,1
195,45,1
195,62,1
196,80,1
196,81,1
196,85,1
196,195,1
196,212,1
196,88,1
196,59,1
196,199,1
196,186,1
196,219,1
197,205,1
197,222,1
197,190,1
197,192,1
197,208,1
197,20,1
197,227,1
197,228,1
197,180,1
197,230,1
198,64,1
198,96,1
198,1,1
198,256,1
198,4,1
198,227,1
198,56,1
198,73,1
198,13,1
198,186,1
199,190,1
199,18,1
199,114,1
199,239,1
199,68,1
199,102,1
199,57,1
199,107,1
199,44,1
199,78,1
200,236,1
200,33,1
200,237,1
200,52,1
200,226,1
200,196,1
200,24,1
200,199,1
200,76,1
200,31,1
201,112,1
201,51,1
201,225,1
201,118,1
201,104,1
201,200,1
201,93,1
201,217,1
201,77,1
201,95,1
202,35,1
202,240,1
202,86,1
202,211,1
202,259,1
202,181,1
202,214,1
202,91,1
202,76,1
202,45,1
203,32,1
203,49,1
203,99,1
203,207,1
203,53,1
203,195,1
203,9,1
203,74,1
203,184,1
203,110,1
204,188,1
204,64,1
204,206,1
204,35,1
204,99,1
204,71,1
204,91,1
204,43,1
204,216,1
204,234,1
205,0,1
205,33,1
205,237,1
205,254,1
205,88,1
205,8,1
205,75,1
205,108,1
205,62,1
205,46,1
206,252,1
206,49,1
206,67,1
206,208,1
206,192,1
206,55,1
206,40,1
206,249,1
206,110,1
206,94,1
207,113,1
207,5,1
207,257,1
207,7,1
207,230,1
207,74,1
207,26,1
207,198,1
207,13,1
207,187,1
208,50,1
208,66,1
208,19,1
208,4,1
208,101,1
208,117,1
208,38,1
208,40,1
208,61,1
208,202,1
209,2,1
209,255,1
209,5,1
209,39,1
209,245,1
209,199,1
209,232,1
209,251,1
209,235,1
209,63,1
210,64,1
210,82,1
210,242,1
210,72,1
210,182,1
210,10,1
210,61,1
210,186,1
210,234,1
210,187,1
211,222,1
211,84,1
211,38,1
211,87,1
211,196,1
211,197,1
211,25,1
211,91,1
211,201,1
211,95,1
212,83,1
212,36,1
212,225,1
212,195,1
212,181,1
212,247,1
212,248,1
212,201,1
212,110,1
212,186,1
213,252,1
213,66,1
213,83,1
213,52,1
213,69,1
213,210,1
213,38,1
213,243,1
213,106,1
213,246,1
214,236,1
214,0,1
214,221,1
214,190,1
214,72,1
214,229,1
214,44,1
214,61,1
214,95,1
214,219,1
215,80,1
215,189,1
215,2,1
215,99,1
215,3,1
215,68,1
215,21,1
215,71,1
215,213,1
215,202,1
216,80,1
216,220,1
216,189,1
216,69,1
216,118,1
216,70,1
216,7,1
216,234,1
216,30,1
216,110,1
217,221,1
217,253,1
217,117,1
217,243,1
217,24,1
217,107,1
217,11,1
217,61,1
217,45,1
217,47,1
218,112,1
218,206,1
218,243,1
218,25,1
218,73,1
218,215,1
218,94,1
218,186,1
218,202,1
218,95,1
219,32,1
219,1,1
219,99,1
219,239,1
219,207,1
219,259,1
219,199,1
219,231,1
219,27,1
219,249,1
220,80,1
220,3,1
220,68,1
220,21,1
220,180,1
220,24,1
220,214,1
220,183,1
220,43,1
220,79,1
221,64,1
221,50,1
221,82,1
221,51,1
221,245,1
221,197,1
221,25,1
221,107,1
221,78,1
221,95,1
222,80,1
222,49,1
222,35,1
222,67,1
222,83,1
222,7,1
222,24,1
222,197,1
222,74,1
222,94,1
223,204,1
223,81,1
223,2,1
223,51,1
223,116,1
223,53,1
223,71,1
223,72,1
223,89,1
223,44,1
224,188,1
224,97,1
224,17,1
224,239,1
224,116,1
224,213,1
224,27,1
224,200,1
224,248,1
224,13,1
225,189,1
225,239,1
225,84,1
225,21,1
225,6,1
225,39,1
225,56,1
225,106,1
225,11,1
225,12,1
226,65,1
226,35,1
226,99,1
226,38,1
226,55,1
226,245,1
226,13,1
226,29,1
226,45,1
226,30,1
227,0,1
227,206,1
227,207,1
227,70,1
227,86,1
227,243,1
227,56,1
227,198,1
227,10,1
227,63,1
228,112,1
228,222,1
228,192,1
228,85,1
228,39,1
228,196,1
228,183,1
228,216,1
228,202,1
228,94,1
229,81,1
229,190,1
229,19,1
229,67,1
229,228,1
229,245,1
229,200,1
229,110,1
229,62,1
229,79,1
230,16,1
230,224,1
230,21,1
230,24,1
230,89,1
230,75,1
230,200,1
230,60,1
230,46,1
230,187,1
231,236,1
231,189,1
231,115,1
231,239,1
231,259,1
231,74,1
231,182,1
231,12,1
231,78,1
231,15,1
232,221,1
232,238,1
232,114,1
232,101,1
232,211,1
232,90,1
232,74,1
232,28,1
232,62,1
232,14,1
233,239,1
233,207,1
233,67,1
233,100,1
233,116,1
233,119,1
233,71,1
233,180,1
233,228,1
233,44,1
234,33,1
234,81,1
234,4,1
234,257,1
234,38,1
234,8,1
234,196,1
234,214,1
234,109,1
234,202,1
235,96,1
235,191,1
235,19,1
235,192,1
235,257,1
235,210,1
235,230,1
235,90,1
235,110,1
235,203,1
236,16,1
236,223,1
236,54,1
236,103,1
236,228,1
236,106,1
236,198,1
236,232,1
236,216,1
236,44,1
237,236,1
237,97,1
237,239,1
237,21,1
237,22,1
237,56,1
237,229,1
237,93,1
237,46,1
237,14,1
238,82,1
238,3,1
238,240,1
238,226,1
238,119,1
238,244,1
238,13,1
238,93,1
238,110,1
238,234,1
239,83,1
239,224,1
239,101,1
239,257,1
239,241,1
239,242,1
239,107,1
239,215,1
239,248,1
239,47,1
240,221,1
240,99,1
240,68,1
240,54,1
240,211,1
240,228,1
240,56,1
240,74,1
240,183,1
240,186,1
241,2,1
241,67,1
241,259,1
241,87,1
241,88,1
241,27,1
241,232,1
241,13,1
241,251,1
241,111,1
242,97,1
242,222,1
242,69,1
242,227,1
242,73,1
242,25,1
242,44,1
242,233,1
242,61,1
242,47,1
243,97,1
243,83,1
243,119,1
243,259,1
243,229,1
243,74,1
243,183,1
243,248,1
243,77,1
243,94,1
244,80,1
244,49,1
244,190,1
244,242,1
244,72,1
244,40,1
244,246,1
244,215,1
244,93,1
244,186,1
245,191,1
245,224,1
245,259,1
245,43,1
245,12,1
245,109,1
245,202,1
245,235,1
245,187,1
245,31,1
246,80,1
246,252,1
246,17,1
246,35,1
246,69,1
246,89,1
246,10,1
246,182,1
246,60,1
246,12,1
247,96,1
247,229,1
247,107,1
247,27,1
247,231,1
247,91,1
247,76,1
247,232,1
247,77,1
247,234,1
248,32,1
248,221,1
248,82,1
248,238,1
248,239,1
248,67,1
248,5,1
248,102,1
248,182,1
248,14,1
249,96,1
249,0,1
249,193,1
249,241,1
249,242,1
249,195,1
249,213,1
249,89,1
249,27,1
249,63,1
250,49,1
250,222,1
250,21,1
250,227,1
250,87,1
250,243,1
250,180,1
250,212,1
250,77,1
250,234,1
251,1,1
251,50,1
251,254,1
251,100,1
251,229,1
251,91,1
251,44,1
251,29,1
251,250,1
251,95,1
252,237,1
252,3,1
252,89,1
252,59,1
252,201,1
252,217,1
252,77,1
252,218,1
252,31,1
252,111,1
253,96,1
253,1,1
253,240,1
253,85,1
253,259,1
253,180,1
253,25,1
253,245,1
253,187,1
253,251,1
254,117,1
254,56,1
254,180,1
254,229,1
254,74,1
254,198,1
254,92,1
254,60,1
254,93,1
254,219,1
255,96,1
255,222,1
255,193,1
255,87,1
255,56,1
255,88,1
255,181,1
255,90,1
255,182,1
255,31,1
256,204,1
256,17,1
256,115,1
256,239,1
256,71,1
256,55,1
256,9,1
256,182,1
256,13,1
256,218,1
257,189,1
257,191,1
257,40,1
257,26,1
257,43,1
257,108,1
257,248,1
257,45,1
257,61,1
257,187,1
258,237,1
258,85,1
258,193,1
258,226,1
258,103,1
258,55,1
258,88,1
258,180,1
258,72,1
258,77,1
259,20,1
259,68,1
259,85,1
259,86,1
259,25,1
259,199,1
259,184,1
259,233,1
259,93,1
259,61,1
260,266,1
260,299,1
260,285,1
260,173,1
260,126,1
261,125,1
261,273,1
261,178,1
261,164,1
261,277,1
262,168,1
262,124,1
262,126,1
262,127,1
262,128,1
263,280,1
263,297,1
263,299,1
263,274,1
263,277,1
264,136,1
264,281,1
264,130,1
264,294,1
264,167,1
265,298,1
265,123,1
265,172,1
265,146,1
265,278,1
266,140,1
266,270,1
266,175,1
266,288,1
266,290,1
267,296,1
267,281,1
267,146,1
267,164,1
267,295,1
268,264,1
268,289,1
268,133,1
268,278,1
268,263,1
269,267,1
269,177,1
269,260,1
269,262,1
269,150,1
270,153,1
270,284,1
270,125,1
270,161,1
270,166,1
271,174,1
271,127,1
271,288,1
271,177,1
271,260,1
272,141,1
272,177,1
272,178,1
272,166,1
272,279,1
273,170,1
273,156,1
273,140,1
273,173,1
273,133,1
274,296,1
274,141,1
274,290,1
274,162,1
274,133,1
275,136,1
275,142,1
275,290,1
275,147,1
275,179,1
276,157,1
276,159,1
276,290,1
276,147,1
276,260,1
277,283,1
277,284,1
277,125,1
277,175,1
277,288,1
278,264,1
278,265,1
278,156,1
278,268,1
278,261,1
279,152,1
279,141,1
279,286,1
279,147,1
279,165,1
280,154,1
280,139,1
280,285,1
280,174,1
280,295,1
281,138,1
281,156,1
281,175,1
281,143,1
281,162,1
282,136,1
282,128,1
282,162,1
282,130,1
282,279,1
283,168,1
283,160,1
283,292,1
283,165,1
283,149,1
284,158,1
284,288,1
284,272,1
284,134,1
284,166,1
285,152,1
285,169,1
285,286,1
285,131,1
285,151,1
286,280,1
286,170,1
286,267,1
286,285,1
286,293,1
287,280,1
287,296,1
287,153,1
287,266,1
287,145,1
288,169,1
288,298,1
288,142,1
288,144,1
288,295,1
289,296,1
289,153,1
289,284,1
289,269,1
289,174,1
290,156,1
290,287,1
290,175,1
290,128,1
290,148,1
291,170,1
291,124,1
291,173,1
291,176,1
291,278,1
292,297,1
292,121,1
292,266,1
292,178,1
292,277,1
293,137,1
293,283,1
293,176,1
293,148,1
293,165,1
294,121,1
294,154,1
294,156,1
294,131,1
294,292,1
295,155,1
295,283,1
295,291,1
295,163,1
295,134,1
296,280,1
296,121,1
296,271,1
296,132,1
296,293,1
297,125,1
297,126,1
297,146,1
297,276,1
297,262,1
298,264,1
298,270,1
298,289,1
298,260,1
298,167,1
299,137,1
299,269,1
299,127,1
299,289,1
299,162,1
0,120,1
1,121,1
2,121,1
3,122,1
4,122,1
5,123,1
6,123,1
7,124,1
8,124,1
9,125,1
10,125,1
11,126,1
12,126,1
13,127,1
14,127,1
15,128,1
16,128,1
17,129,1
18,129,1
19,130,1
20,130,1
21,131,1
22,131,1
23,132,1
24,132,1
25,133,1
26,133,1
27,134,1
28,134,1
29,135,1
30,135,1
31,136,1
32,136,1
33,137,1
34,137,1
35,138,1
36,138,1
37,139,1
38,139,1
39,140,1
40,140,1
41,141,1
42,141,1
43,142,1
44,142,1
45,143,1
46,143,1
47,144,1
48,144,1
49,145,1
50,145,1
51,146,1
52,146,1
53,147,1
54,147,1
55,148,1
56,148,1
57,149,1
58,149,1
59,150,1
60,150,1
61,151,1
62,151,1
63,152,1
64,152,1
65,153,1
66,153,1
67,154,1
68,154,1
69,155,1
70,155,1
71,156,1
72,156,1
73,157,1
74,157,1
75,158,1
76,158,1
77,159,1
78,159,1
79,160,1
80,160,1
81,161,1
82,161,1
83,162,1
84,162,1
85,163,1
86,163,1
87,164,1
88,164,1
89,165,1
90,165,1
91,166,1
92,166,1
93,167,1
94,167,1
95,168,1
96,168,1
97,169,1
98,169,1
99,170,1
100,170,1
101,171,1
102,171,1
103,172,1
104,172,1
105,173,1
106,173,1
107,174,1
108,174,1
109,175,1
110,175,1
111,176,1
112,176,1
113,177,1
114,177,1
115,178,1
116,178,1
117,179,1
118,179,1
119,180,1
